product_id,name,brand,category,subcategory,retailer,affiliate_network,price,currency,price_tier,rating,review_count,targets,active_ingredients,skin_types,avoid_if,usage_time,frequency,priority,in_stock,country,image_url,product_url,affiliate_url,why
amazon_cerave_hydrating_facial_cleanser_moisturizing__b01mssdepk,"CeraVe Hydrating Facial Cleanser, Moisturizing Face Wash For Dry Skin, Hyaluronic Acid + Ceramides + Glycerin, Hydrating Cleanser For Normal To Dry Skin, National Eczema Association Certified",CeraVe,cleanser,gentle_cleanser,Amazon,Amazon Associates,15.97,USD,$,4.7,108056,barrier;redness,ceramides;hyaluronic acid;glycerin,normal;dry;sensitive,,morning/evening,daily,82,unknown,US,/product-images/amazon_cerave_hydrating_facial_cleanser_moisturizing__b01mssdepk.jpg,https://www.amazon.com/dp/B01MSSDEPK,,Cleanser option selected for barrier and redness support.
amazon_cerave_foaming_facial_cleanser_daily_face_wash_b07rj18vmf,"CeraVe Foaming Facial Cleanser, Daily Face Wash for Oily Skin, Hyaluronic Acid + Ceramides + Niacinamide, Fragrance Free & Paraben Free, Non-Drying Oil Control Face Wash, 19 Fluid Ounce",CeraVe,cleanser,gentle_cleanser,Amazon,Amazon Associates,16.97,USD,$,4.8,101743,barrier;redness,ceramides;hyaluronic acid;glycerin,normal;dry;sensitive,,morning/evening,daily,82,unknown,US,/product-images/amazon_cerave_foaming_facial_cleanser_daily_face_wash_b07rj18vmf.jpg,https://www.amazon.com/dp/B07RJ18VMF,,Cleanser option selected for barrier and redness support.
amazon_cerave_foaming_facial_cleanser_daily_face_wash_b01n1ll62w,"CeraVe Foaming Facial Cleanser, Daily Face Wash for Oily Skin, Hyaluronic Acid + Ceramides + Niacinamide, Fragrance Free, Non-Drying Oil Control Face Wash, 16 Fluid Ounces",CeraVe,cleanser,gentle_cleanser,Amazon,Amazon Associates,15.97,USD,$,4.8,101743,barrier;redness,ceramides;hyaluronic acid;glycerin,normal;dry;sensitive,,morning/evening,daily,82,unknown,US,/product-images/amazon_cerave_foaming_facial_cleanser_daily_face_wash_b01n1ll62w.jpg,https://www.amazon.com/dp/B01N1LL62W,,Cleanser option selected for barrier and redness support.
amazon_cerave_foaming_facial_cleanser_daily_face_wash_b0f4l3bhfc,"CeraVe Foaming Facial Cleanser, Daily Face Wash for Oily Skin, Hyaluronic Acid + Ceramides + Niacinamide, Fragrance Free & Paraben Free, Non-Drying Oil Control Face Wash, 8 Fluid Ounces",CeraVe,cleanser,gentle_cleanser,Amazon,Amazon Associates,12.37,USD,$,4.8,101743,barrier;redness,ceramides;hyaluronic acid;glycerin,normal;dry;sensitive,,morning/evening,daily,82,unknown,US,/product-images/amazon_cerave_foaming_facial_cleanser_daily_face_wash_b0f4l3bhfc.jpg,https://www.amazon.com/dp/B0F4L3BHFC,,Cleanser option selected for barrier and redness support.
amazon_cerave_acne_control_cleanser_2_salicylic_acid__b0c7jjg6bb,"CeraVe Acne Control Cleanser, 2% Salicylic Acid Treatment Formulated With Niacinamide + Ceramides + Oil Absorbing Clay, Gentle Face Wash Helps Clear & Prevent Acne, Fragrance Free, 16 Ounce",CeraVe,cleanser,gentle_cleanser,Amazon,Amazon Associates,17.24,USD,$,4.7,22188,barrier;redness,ceramides;hyaluronic acid;glycerin,normal;dry;sensitive,,morning/evening,daily,82,unknown,US,/product-images/amazon_cerave_acne_control_cleanser_2_salicylic_acid__b0c7jjg6bb.jpg,https://www.amazon.com/dp/B0C7JJG6BB,,Cleanser option selected for barrier and redness support.
amazon_cerave_hydrating_cream_to_foam_cleanser_makeup_b08cqdf382,"CeraVe Hydrating Cream To Foam Cleanser, Makeup Remover Face Wash For Dry Skin, Foaming Facial Cleanser With Hyaluronic Acid, Normal To Dry Skin, Fragrance Free & Non Comedogenic, 19 Fluid Ounce",CeraVe,cleanser,gentle_cleanser,Amazon,Amazon Associates,18.96,USD,$,4.8,25846,barrier;redness,ceramides;hyaluronic acid;glycerin,normal;dry;sensitive,,morning/evening,daily,82,unknown,US,/product-images/amazon_cerave_hydrating_cream_to_foam_cleanser_makeup_b08cqdf382.jpg,https://www.amazon.com/dp/B08CQDF382,,Cleanser option selected for barrier and redness support.
amazon_cerave_hydrating_facial_cleanser_moisturizing__b07rl88dd2,"CeraVe Hydrating Facial Cleanser, Moisturizing Face Wash For Dry Skin, Hyaluronic Acid + Ceramides + Glycerin, Hydrating Cleanser For Normal To Dry Skin, National Eczema Association Certified",CeraVe,cleanser,gentle_cleanser,Amazon,Amazon Associates,16.97,USD,$,4.7,23770,barrier;redness,ceramides;hyaluronic acid;glycerin,normal;dry;sensitive,,morning/evening,daily,82,unknown,US,/product-images/amazon_cerave_hydrating_facial_cleanser_moisturizing__b07rl88dd2.jpg,https://www.amazon.com/dp/B07RL88DD2,,Cleanser option selected for barrier and redness support.
amazon_cerave_renewing_salicylic_acid_cleanser_formul_b08cq9t6kn,"CeraVe Renewing Salicylic Acid Cleanser, Formulated With Hyaluronic Acid, Niacinamide, & Ceramides, Gentle BHA Exfoliating Face Wash Smooths & Softens Skin, Non Comedogenic & Fragrance Free, 16 Ounce",CeraVe,cleanser,gentle_cleanser,Amazon,Amazon Associates,15.97,USD,$,4.7,15942,barrier;redness,ceramides;hyaluronic acid;glycerin,normal;dry;sensitive,,morning/evening,daily,82,unknown,US,/product-images/amazon_cerave_renewing_salicylic_acid_cleanser_formul_b08cq9t6kn.jpg,https://www.amazon.com/dp/B08CQ9T6KN,,Cleanser option selected for barrier and redness support.
amazon_cerave_hydrating_foaming_oil_cleanser_moisturi_b0c7j7cwbn,"CeraVe Hydrating Foaming Oil Cleanser, Moisturizing Oil Cleanser for Face & Body, Squalane Oil + Hyaluronic Acid + Ceramides, For Dry to Very Dry Skin, Fragrance Free & Residue Free, 19 FL Oz",CeraVe,cleanser,gentle_cleanser,Amazon,Amazon Associates,18.96,USD,$,4.6,5573,barrier;redness,ceramides;hyaluronic acid;glycerin,normal;dry;sensitive,,morning/evening,daily,82,unknown,US,/product-images/amazon_cerave_hydrating_foaming_oil_cleanser_moisturi_b0c7j7cwbn.jpg,https://www.amazon.com/dp/B0C7J7CWBN,,Cleanser option selected for barrier and redness support.
amazon_cerave_acne_treatment_face_wash_salicylic_acid_b097wfj5h2,"CeraVe Acne Treatment Face Wash, Salicylic Acid Cleanser with Purifying Clay, Niacinamide, and Ceramides, Pore Control and Blackhead Remover, 8 Ounce",CeraVe,cleanser,gentle_cleanser,Amazon,Amazon Associates,14.24,USD,$,4.7,22188,barrier;redness,ceramides;hyaluronic acid;glycerin,normal;dry;sensitive,,morning/evening,daily,82,unknown,US,/product-images/amazon_cerave_acne_treatment_face_wash_salicylic_acid_b097wfj5h2.jpg,https://www.amazon.com/dp/B097WFJ5H2,,Cleanser option selected for barrier and redness support.
amazon_cerave_acne_foaming_cream_cleanser_4_benzoyl_p_b07yljpmc3,"CeraVe Acne Foaming Cream Cleanser, 4% Benzoyl Peroxide Face Wash With Hyaluronic Acid, Niacinamide & Ceramides, Gentle Daily Acne Treatment For Face",CeraVe,cleanser,gentle_cleanser,Amazon,Amazon Associates,14.97,USD,$,4.6,35403,barrier;redness,ceramides;hyaluronic acid;glycerin,normal;dry;sensitive,,morning/evening,daily,82,unknown,US,/product-images/amazon_cerave_acne_foaming_cream_cleanser_4_benzoyl_p_b07yljpmc3.jpg,https://www.amazon.com/dp/B07YLJPMC3,,Cleanser option selected for barrier and redness support.
amazon_cerave_hydrating_facial_cleanser_moisturizing__b00d7bzj3c,"CeraVe Hydrating Facial Cleanser, Moisturizing Face Wash For Dry Skin, Hyaluronic Acid + Ceramides + Glycerin, Hydrating Cleanser For Normal To Dry Skin, National Eczema Association Certified",CeraVe,cleanser,gentle_cleanser,Amazon,Amazon Associates,12.37,USD,$,4.7,23770,barrier;redness,ceramides;hyaluronic acid;glycerin,normal;dry;sensitive,,morning/evening,daily,82,unknown,US,/product-images/amazon_cerave_hydrating_facial_cleanser_moisturizing__b00d7bzj3c.jpg,https://www.amazon.com/dp/B00D7BZJ3C,,Cleanser option selected for barrier and redness support.
amazon_skinfix_foaming_oil_cleanser_for_face_6_oz_ric_b0935cd4p6,"Skinfix Foaming Oil Cleanser for Face - 6 oz - Rich Gel-to-Foam Formula to Hydrate & Soothe Dry, Sensitive Skin - Fragrance Free, Vegan, Cruelty Free",Skinfix Foaming,cleanser,foaming_cleanser,Amazon,Amazon Associates,30,USD,$$,4.7,247,acne;pores;blackheads;barrier,ceramides;niacinamide;salicylic acid,normal;oily;combination,very_dry,morning/evening,daily,78,unknown,US,/product-images/amazon_skinfix_foaming_oil_cleanser_for_face_6_oz_ric_b0935cd4p6.jpg,https://www.amazon.com/dp/B0935CD4P6,,Cleanser option selected for acne and pores support.
amazon_proactiv_daily_foaming_cleanser_for_acne_prone_b0g5bgj8gc,"Proactiv Daily Foaming Cleanser for Acne-Prone Skin, Oil & Makeup Remover, Brightening Face Wash, Paraben-Free, Targets Post-Acne Dark Marks, 6 Fl Oz",Proactiv Daily,cleanser,foaming_cleanser,Amazon,Amazon Associates,30.6,USD,$$,4.8,33,acne;pores;blackheads;barrier,ceramides;niacinamide;salicylic acid,normal;oily;combination,very_dry,morning/evening,daily,78,unknown,US,/product-images/amazon_proactiv_daily_foaming_cleanser_for_acne_prone_b0g5bgj8gc.jpg,https://www.amazon.com/dp/B0G5BGJ8GC,,Cleanser option selected for acne and pores support.
amazon_dermalogica_special_cleansing_gel_gentle_foami_b000jg1qda,Dermalogica Special Cleansing Gel Gentle-Foaming Face Wash for Women and Men - Leaves Skin Feeling Smooth And Clean,Dermalogica Special,cleanser,foaming_cleanser,Amazon,Amazon Associates,73,USD,$$$,4.7,6380,acne;pores;blackheads;barrier,ceramides;niacinamide;salicylic acid,normal;oily;combination,very_dry,morning/evening,daily,78,unknown,US,/product-images/amazon_dermalogica_special_cleansing_gel_gentle_foami_b000jg1qda.jpg,https://www.amazon.com/dp/B000JG1QDA,,Cleanser option selected for acne and pores support.
amazon_shiseido_deep_cleansing_foam_125_ml_deeply_cle_b07hyqxnkf,"Shiseido Deep Cleansing Foam - 125 mL - Deeply Cleanses & Removes Impurities for a Fresh, Smooth Finish - For Oily to Blemish-Prone Skin",Shiseido Deep,cleanser,foaming_cleanser,Amazon,Amazon Associates,38,USD,$$,4.8,1418,acne;pores;blackheads;barrier,ceramides;niacinamide;salicylic acid,normal;oily;combination,very_dry,morning/evening,daily,78,unknown,US,/product-images/amazon_shiseido_deep_cleansing_foam_125_ml_deeply_cle_b07hyqxnkf.jpg,https://www.amazon.com/dp/B07HYQXNKF,,Cleanser option selected for acne and pores support.
amazon_kate_somerville_exfolikate_cleanser_daily_exfo_b075shnznf,Kate Somerville ExfoliKate Cleanser – Daily Exfoliating Foaming Face Wash – Clinically Formulated Glycolic Acid and Lactic Acid Gentle Facial Scrub,Kate Somerville,cleanser,foaming_cleanser,Amazon,Amazon Associates,24,USD,$$,4.7,1966,acne;pores;blackheads;barrier,ceramides;niacinamide;salicylic acid,normal;oily;combination,very_dry,morning/evening,daily,78,unknown,US,/product-images/amazon_kate_somerville_exfolikate_cleanser_daily_exfo_b075shnznf.jpg,https://www.amazon.com/dp/B075SHNZNF,,Cleanser option selected for acne and pores support.
amazon_image_skincare_clear_cell_salicylic_gel_cleans_b00t58blj2,"IMAGE Skincare, CLEAR CELL Salicylic Gel Cleanse, Gentle Foaming Face Wash Removes Excess Oil and Shine for Oily Prone Skin",IMAGE Skincare,cleanser,foaming_cleanser,Amazon,Amazon Associates,41,USD,$$,4.7,1324,acne;pores;blackheads;barrier,ceramides;niacinamide;salicylic acid,normal;oily;combination,very_dry,morning/evening,daily,78,unknown,US,/product-images/amazon_image_skincare_clear_cell_salicylic_gel_cleans_b00t58blj2.jpg,https://www.amazon.com/dp/B00T58BLJ2,,Cleanser option selected for acne and pores support.
amazon_vanicream_daily_facial_moisturizer_with_cerami_b08bw46xxk,"Vanicream Daily Facial Moisturizer With Ceramides and Hyaluronic Acid - Formulated Without Common Irritants for Those with Sensitive Skin, 3 fl oz (Pack of 1)",Vanicream,moisturizer,face_moisturizer,Amazon,Amazon Associates,13.97,USD,$,4.6,23777,barrier;redness;wrinkles,ceramides;niacinamide;glycerin,all;sensitive,,morning/evening,daily,86,unknown,US,/product-images/amazon_vanicream_daily_facial_moisturizer_with_cerami_b08bw46xxk.jpg,https://www.amazon.com/dp/B08BW46XXK,,Moisturizer option selected for barrier and redness support.
amazon_la_roche_posay_toleriane_double_repair_face_mo_b01n9spqhq,"La Roche-Posay Toleriane Double Repair Face Moisturizer, Daily Moisturizer Face Cream with Ceramide & Niacinamide for All Skin Types, Immediate Comfort & Long Lasting Hydration, Fragrance Free",La Roche-Posay,moisturizer,face_moisturizer,Amazon,Amazon Associates,24.99,USD,$$,4.6,49035,barrier;redness;wrinkles,ceramides;niacinamide;glycerin,all;sensitive,,morning/evening,daily,86,unknown,US,/product-images/amazon_la_roche_posay_toleriane_double_repair_face_mo_b01n9spqhq.jpg,https://www.amazon.com/dp/B01N9SPQHQ,,Moisturizer option selected for barrier and redness support.
amazon_illiyoon_ceramide_ato_concentrate_cream_moistu_b0cld1t6mb,"Illiyoon Ceramide Ato Concentrate Cream | Moisturizer for Dry & Sensitive Skin, 100hr Lasting Hydration, For Face & Body, Gentle for Infants, Moisture Barrier Repair, Vegan Certified, 2.53 fl.oz.",Illiyoon Ceramide,moisturizer,face_moisturizer,Amazon,Amazon Associates,17.99,USD,$,4.7,5984,barrier;redness;wrinkles,ceramides;niacinamide;glycerin,all;sensitive,,morning/evening,daily,86,unknown,US,/product-images/amazon_illiyoon_ceramide_ato_concentrate_cream_moistu_b0cld1t6mb.jpg,https://www.amazon.com/dp/B0CLD1T6MB,,Moisturizer option selected for barrier and redness support.
amazon_skinfix_triple_lipid_peptide_cream_1_7_oz_rich_b0935mhz1k,"Skinfix Triple Lipid-Peptide Cream - 1.7 oz - Rich Face Moisturizer with Hyaluronic Acid - Hydrates & Restores Dry, Sensitive Skin - Non-Comedogenic, Fragrance Free, Vegan, Cruelty Free",Skinfix Triple,moisturizer,face_moisturizer,Amazon,Amazon Associates,54,USD,$$$,4.5,1001,barrier;redness;wrinkles,ceramides;niacinamide;glycerin,all;sensitive,,morning/evening,daily,86,unknown,US,/product-images/amazon_skinfix_triple_lipid_peptide_cream_1_7_oz_rich_b0935mhz1k.jpg,https://www.amazon.com/dp/B0935MHZ1K,,Moisturizer option selected for barrier and redness support.
amazon_murad_restorative_hydro_hyaluronic_face_cream__b0dklvpvf8,"Murad Restorative Hydro-Hyaluronic Face Cream – Moisture-Boosting Formula with Hyaluronic Acid, Coconut Extract, Botanical Oils & Shea Butter for Lasting Hydration, Plump, & Smooth Skin - 1.7 Fl Oz",Murad Restorative,moisturizer,face_moisturizer,Amazon,Amazon Associates,65,USD,$$$,4.6,146,barrier;redness;wrinkles,ceramides;niacinamide;glycerin,all;sensitive,,morning/evening,daily,86,unknown,US,/product-images/amazon_murad_restorative_hydro_hyaluronic_face_cream__b0dklvpvf8.jpg,https://www.amazon.com/dp/B0DKLVPVF8,,Moisturizer option selected for barrier and redness support.
amazon_tula_skin_care_24_7_hydrating_day_night_cream__b07xcybccn,"TULA Skin Care 24-7 Hydrating Day & Night Cream - Nourishing Moisturizer for Face, Maintain Skin Balance & Improve Skin Smoothness, Contains Watermelon & Apple Extract",TULA Skin,moisturizer,face_moisturizer,Amazon,Amazon Associates,58,USD,$$$,4.7,3898,barrier;redness;wrinkles,ceramides;niacinamide;glycerin,all;sensitive,,morning/evening,daily,86,unknown,US,/product-images/amazon_tula_skin_care_24_7_hydrating_day_night_cream__b07xcybccn.jpg,https://www.amazon.com/dp/B07XCYBCCN,,Moisturizer option selected for barrier and redness support.
amazon_epionce_intensive_nourishing_cream_rich_anti_a_b003x49e20,"Epionce Intensive Nourishing Cream – Rich Anti-Aging Moisturizer for Face, Neck & Décolletage | Ceramides, Glycerin & Squalene | Targets Fine Lines, Dark Spots & Dryness | Dermatologist Skincare",Epionce Intensive,moisturizer,face_moisturizer,Amazon,Amazon Associates,105.6,USD,$$$,4.8,455,barrier;redness;wrinkles,ceramides;niacinamide;glycerin,all;sensitive,,morning/evening,daily,86,unknown,US,/product-images/amazon_epionce_intensive_nourishing_cream_rich_anti_a_b003x49e20.jpg,https://www.amazon.com/dp/B003X49E20,,Moisturizer option selected for barrier and redness support.
amazon_timeline_mitopure_dewy_cream_lightweight_moist_b0fmwzwl7t,"Timeline Mitopure™ - Dewy Cream Lightweight Moisturizer With Peptides to Hydrate, Plump & Protect Dry Skin - 1.7 Fl Oz",Timeline Mitopure™,moisturizer,face_moisturizer,Amazon,Amazon Associates,200,USD,$$$,4.5,41,barrier;redness;wrinkles,ceramides;niacinamide;glycerin,all;sensitive,,morning/evening,daily,86,unknown,US,/product-images/amazon_timeline_mitopure_dewy_cream_lightweight_moist_b0fmwzwl7t.jpg,https://www.amazon.com/dp/B0FMWZWL7T,,Moisturizer option selected for barrier and redness support.
amazon_illiyoon_ceramide_ato_concentrate_cream_moistu_b077rtl1hj,"Illiyoon Ceramide Ato Concentrate Cream | Moisturizer for Dry & Sensitive Skin, 100hr Lasting Hydration, For Face & Body, Gentle for Infants, Moisture Barrier Repair, Vegan Certified, 6.76 fl.oz.",Illiyoon Ceramide,moisturizer,face_moisturizer,Amazon,Amazon Associates,24.99,USD,$$,4.7,5984,barrier;redness;wrinkles,ceramides;niacinamide;glycerin,all;sensitive,,morning/evening,daily,86,unknown,US,/product-images/amazon_illiyoon_ceramide_ato_concentrate_cream_moistu_b077rtl1hj.jpg,https://www.amazon.com/dp/B077RTL1HJ,,Moisturizer option selected for barrier and redness support.
amazon_cosrx_ceramide_skin_barrier_moisturizer_for_fa_b0dynq393y,"COSRX Ceramide Skin Barrier Moisturizer for Face with 7 Ceramides, Hyaluronic Acid & Panthenol for All Skin Types, 2.7 oz, Korean Face Moisturizer Cream, Korean Skin Care, Mothers Day Gifts for Mom",COSRX,moisturizer,face_moisturizer,Amazon,Amazon Associates,23,USD,$$,4.7,1000,barrier;redness;wrinkles,ceramides;niacinamide;glycerin,all;sensitive,,morning/evening,daily,86,unknown,US,/product-images/amazon_cosrx_ceramide_skin_barrier_moisturizer_for_fa_b0dynq393y.jpg,https://www.amazon.com/dp/B0DYNQ393Y,,Moisturizer option selected for barrier and redness support.
amazon_medicube_jelly_cream_with_hyaluronic_acid_dail_b0fpq3z16s,"medicube Jelly Cream with Hyaluronic Acid | Daily Moisturizer for All Skin Types | Long-lasting Hydration with Hyaluronic Acid, Ceramides, Multi Peptides | Supports Skin's Natural Barrier | 1.69 fl.oz",medicube Jelly,moisturizer,face_moisturizer,Amazon,Amazon Associates,9.9,USD,$,4.5,1196,barrier;redness;wrinkles,ceramides;niacinamide;glycerin,all;sensitive,,morning/evening,daily,86,unknown,US,/product-images/amazon_medicube_jelly_cream_with_hyaluronic_acid_dail_b0fpq3z16s.jpg,https://www.amazon.com/dp/B0FPQ3Z16S,,Moisturizer option selected for barrier and redness support.
amazon_good_molecules_rich_cream_with_ceramides_50_ml_b0flvtgqxt,"Good Molecules Rich Cream with Ceramides 50 ml / 1.6 oz – Daily Facial Moisturizer for Dry Skin, Redness – Face Lotion with Betulin Soothe, Plump, Hydrate, Moisturize – Anti-aging Skin Care",Good Molecules,moisturizer,face_moisturizer,Amazon,Amazon Associates,13.99,USD,$,4.4,345,barrier;redness;wrinkles,ceramides;niacinamide;glycerin,all;sensitive,,morning/evening,daily,86,unknown,US,/product-images/amazon_good_molecules_rich_cream_with_ceramides_50_ml_b0flvtgqxt.jpg,https://www.amazon.com/dp/B0FLVTGQXT,,Moisturizer option selected for barrier and redness support.
amazon_neutrogena_hydro_boost_water_gel_hyaluronic_ac_b0f72nz89k,"Neutrogena Hydro Boost Water Gel, Hyaluronic Acid Facial Moisturizer for Normal to Oily Skin, Hydrating Face Moisturizer, 1.7 fl. oz + Trial Size Hydro Boost Facial Cleanser, 0.5 fl. oz",Neutrogena,moisturizer,gel_moisturizer,Amazon,Amazon Associates,22.29,USD,$$,4.7,979,barrier;wrinkles;pores,hyaluronic acid;glycerin,normal;oily;combination,fragrance_sensitivity,morning/evening,daily,76,unknown,US,/product-images/amazon_neutrogena_hydro_boost_water_gel_hyaluronic_ac_b0f72nz89k.jpg,https://www.amazon.com/dp/B0F72NZ89K,,Moisturizer option selected for barrier and wrinkles support.
amazon_honest_beauty_hydrogel_cream_with_hyaluronic_a_b07m7c2mpj,"Honest Beauty Hydrogel Cream with Hyaluronic Acid, Lightweight Moisturizing Water, Gentle for Sensitive Skin, Fragrance-Free, Vegan 1.7, fl oz",Honest Beauty,moisturizer,gel_moisturizer,Amazon,Amazon Associates,19.99,USD,$,4.3,8608,barrier;wrinkles;pores,hyaluronic acid;glycerin,normal;oily;combination,fragrance_sensitivity,morning/evening,daily,76,unknown,US,/product-images/amazon_honest_beauty_hydrogel_cream_with_hyaluronic_a_b07m7c2mpj.jpg,https://www.amazon.com/dp/B07M7C2MPJ,,Moisturizer option selected for barrier and wrinkles support.
amazon_olay_face_moisturizer_regenerist_micro_sculpti_b0g884w3fq,"Olay Face Moisturizer, Regenerist Micro-Sculpting Cream for Women, Fragrance-Free - Anti-Aging, Anti-Wrinkle, Firming Skin Care - Triple Collagen Cream, Peptide, Hyaluronic Acid, Niacinamide, 2.6oz",Olay Face,moisturizer,gel_moisturizer,Amazon,Amazon Associates,26.24,USD,$$,4.6,27296,barrier;wrinkles;pores,hyaluronic acid;glycerin,normal;oily;combination,fragrance_sensitivity,morning/evening,daily,76,unknown,US,/product-images/amazon_olay_face_moisturizer_regenerist_micro_sculpti_b0g884w3fq.jpg,https://www.amazon.com/dp/B0G884W3FQ,,Moisturizer option selected for barrier and wrinkles support.
amazon_neutrogena_hydro_boost_city_shield_water_gel_f_b07grbqxtv,"Neutrogena Hydro Boost City Shield Water Gel Face Moisturizer with Broad Spectrum SPF 25, Hydrating Facial Sunscreen with Hyaluronic Acid, Oil-Free and Non-Comedogenic Face Lotion, 1.7 oz",Neutrogena,moisturizer,gel_moisturizer,Amazon,Amazon Associates,19.97,USD,$,4.7,10004,barrier;wrinkles;pores,hyaluronic acid;glycerin,normal;oily;combination,fragrance_sensitivity,morning/evening,daily,76,unknown,US,/product-images/amazon_neutrogena_hydro_boost_city_shield_water_gel_f_b07grbqxtv.jpg,https://www.amazon.com/dp/B07GRBQXTV,,Moisturizer option selected for barrier and wrinkles support.
amazon_pond_s_fresh_hydration_gel_moisturizer_24_hr_h_b0d4rplmpd,"POND’S Fresh Hydration Gel Moisturizer – 24 HR Hydration with Vitamin E, Hyaluronic Acid & Vitamin B3 – Alcohol & Oil-Free Face Moisturizer – Dermatologist Tested, 3.4 oz",POND’S Fresh,moisturizer,gel_moisturizer,Amazon,Amazon Associates,8.44,USD,$,4.4,3095,barrier;wrinkles;pores,hyaluronic acid;glycerin,normal;oily;combination,fragrance_sensitivity,morning/evening,daily,76,unknown,US,/product-images/amazon_pond_s_fresh_hydration_gel_moisturizer_24_hr_h_b0d4rplmpd.jpg,https://www.amazon.com/dp/B0D4RPLMPD,,Moisturizer option selected for barrier and wrinkles support.
amazon_amazon_basics_moisturizing_water_gel_with_hyal_b0btx3xknz,"Amazon Basics Moisturizing Water Gel with Hyaluronic Acid, Refreshing, 1.7 Ounces, 1-Pack",Amazon Basics,moisturizer,gel_moisturizer,Amazon,Amazon Associates,13.98,USD,$,4.4,657,barrier;wrinkles;pores,hyaluronic acid;glycerin,normal;oily;combination,fragrance_sensitivity,morning/evening,daily,76,unknown,US,/product-images/amazon_amazon_basics_moisturizing_water_gel_with_hyal_b0btx3xknz.jpg,https://www.amazon.com/dp/B0BTX3XKNZ,,Moisturizer option selected for barrier and wrinkles support.
amazon_neutrogena_clear_face_sunscreen_lotion_for_acn_b08l88lz4v,"Neutrogena Clear Face Sunscreen Lotion for Acne-Prone Skin, Broad Spectrum SPF 50, Sunscreen for Face & Oily Skin, Oil-,Fragrance- & Oxybenzone-Free, Water Resistant, Matte, Unscented, 3 Fl Oz",Neutrogena,sunscreen,face_spf,Amazon,Amazon Associates,12.48,USD,$,4.6,8917,pigmentation;redness;wrinkles;barrier,spf;niacinamide;antioxidants,all;sensitive,,morning,daily,98,unknown,US,/product-images/amazon_neutrogena_clear_face_sunscreen_lotion_for_acn_b08l88lz4v.jpg,https://www.amazon.com/dp/B08L88LZ4V,,Sunscreen option selected for pigmentation and redness support.
amazon_neutrogena_ultra_sheer_dry_touch_sunscreen_lot_b005iht94s,"Neutrogena Ultra Sheer Dry-Touch Sunscreen Lotion SPF 70, Broad Spectrum, Water Resistant 80 Min, Oil-Free, Oxybenzone-Free, Non-Comedogenic, Matte Finish, Body Sunscreen, Travel Size 3 Fl Oz",Neutrogena,sunscreen,face_spf,Amazon,Amazon Associates,4.89,USD,$,4.6,37519,pigmentation;redness;wrinkles;barrier,spf;niacinamide;antioxidants,all;sensitive,,morning,daily,98,unknown,US,/product-images/amazon_neutrogena_ultra_sheer_dry_touch_sunscreen_lot_b005iht94s.jpg,https://www.amazon.com/dp/B005IHT94S,,Sunscreen option selected for pigmentation and redness support.
amazon_banana_boat_sheer_sensitive_face_lotion_spf_50_b0fr57796s,"Banana Boat Sheer Sensitive Face Lotion, SPF 50, 3oz",Banana Boat,sunscreen,face_spf,Amazon,Amazon Associates,6.99,USD,$,4.7,172,pigmentation;redness;wrinkles;barrier,spf;niacinamide;antioxidants,all;sensitive,,morning,daily,98,unknown,US,/product-images/amazon_banana_boat_sheer_sensitive_face_lotion_spf_50_b0fr57796s.jpg,https://www.amazon.com/dp/B0FR57796S,,Sunscreen option selected for pigmentation and redness support.
amazon_cerave_invisible_mineral_sunscreen_spf_50_face_b0fxnhdwm7,"CeraVe Invisible Mineral Sunscreen SPF 50, Face Sunscreen for Sensitive Skin With Zinc Oxide & Titanium Dioxide, Vitamin E + Niacinamide + Ceramides, Oil Free, Travel Size 1.62 oz",CeraVe,sunscreen,face_spf,Amazon,Amazon Associates,15.99,USD,$,4.4,487,pigmentation;redness;wrinkles;barrier,spf;niacinamide;antioxidants,all;sensitive,,morning,daily,98,unknown,US,/product-images/amazon_cerave_invisible_mineral_sunscreen_spf_50_face_b0fxnhdwm7.jpg,https://www.amazon.com/dp/B0FXNHDWM7,,Sunscreen option selected for pigmentation and redness support.
amazon_neutrogena_sport_face_sunscreen_spf_70_oil_fre_b001p92fmg,"Neutrogena Sport Face Sunscreen SPF 70+, Oil-Free, 2.5 fl oz, Sweat & Water-Resistant, Broad-Spectrum UVA/UVB, Nourish & Restore Skin Balance, Oxybenzone Free Sunscreen For Face",Neutrogena,sunscreen,face_spf,Amazon,Amazon Associates,7.05,USD,$,4.6,24524,pigmentation;redness;wrinkles;barrier,spf;niacinamide;antioxidants,all;sensitive,,morning,daily,98,unknown,US,/product-images/amazon_neutrogena_sport_face_sunscreen_spf_70_oil_fre_b001p92fmg.jpg,https://www.amazon.com/dp/B001P92FMG,,Sunscreen option selected for pigmentation and redness support.
amazon_eucerin_sun_age_defense_spf_50_face_sunscreen__b09mjgjs5v,"Eucerin Sun Age Defense SPF 50 Face Sunscreen Lotion with Hyaluronic Acid, Hypoallergenic, Non-Comedogenic Sunscreen SPF 50 Free of Fragrance, Oxybenzone and Octinoxate, 2.5 Fl Oz Bottle",Eucerin Sun,sunscreen,face_spf,Amazon,Amazon Associates,12.79,USD,$,4.7,4470,pigmentation;redness;wrinkles;barrier,spf;niacinamide;antioxidants,all;sensitive,,morning,daily,98,unknown,US,/product-images/amazon_eucerin_sun_age_defense_spf_50_face_sunscreen__b09mjgjs5v.jpg,https://www.amazon.com/dp/B09MJGJS5V,,Sunscreen option selected for pigmentation and redness support.
amazon_medicube_no_cast_just_glow_collagen_sunscreen__b0fpqglyk9,"medicube No Cast Just Glow Collagen Sunscreen | SPF 50 Broad Spectrum Face Sunscreen | Lightweight, Non-Sticky, Hydrating Formula | Peptide, Cica for Soothing & Glow | Korean Skincare",medicube No,sunscreen,face_spf,Amazon,Amazon Associates,15.12,USD,$,4.6,987,pigmentation;redness;wrinkles;barrier,spf;niacinamide;antioxidants,all;sensitive,,morning,daily,98,unknown,US,/product-images/amazon_medicube_no_cast_just_glow_collagen_sunscreen__b0fpqglyk9.jpg,https://www.amazon.com/dp/B0FPQGLYK9,,Sunscreen option selected for pigmentation and redness support.
amazon_cosrx_vitamin_e_vitalizing_sunscreen_spf_50_fa_b09zy7468x,"COSRX Vitamin E Vitalizing Sunscreen,SPF 50 Face Sunscreen, Lightweight, Non-Sticky, No White Cast, Hydrating, Beach Essentials, Travel Essentials, Korean Skincare, Mothers Day Gift for Mom1.69 fl oz",COSRX,sunscreen,face_spf,Amazon,Amazon Associates,14.99,USD,$,4.5,4318,pigmentation;redness;wrinkles;barrier,spf;niacinamide;antioxidants,all;sensitive,,morning,daily,98,unknown,US,/product-images/amazon_cosrx_vitamin_e_vitalizing_sunscreen_spf_50_fa_b09zy7468x.jpg,https://www.amazon.com/dp/B09ZY7468X,,Sunscreen option selected for pigmentation and redness support.
amazon_anua_zero_cast_moisturizing_sunscreen_spf_50_g_b0dwsl3zbq,"Anua, Zero-Cast Moisturizing Sunscreen SPF 50, Glow Natural Sunscreen for face, No White Cast, Hyaluronic Acid, Niacinamide, Oil-Free, Korean Skincare, 1.69 fl oz",Anua,sunscreen,face_spf,Amazon,Amazon Associates,14.4,USD,$,4.6,1950,pigmentation;redness;wrinkles;barrier,spf;niacinamide;antioxidants,all;sensitive,,morning,daily,98,unknown,US,/product-images/amazon_anua_zero_cast_moisturizing_sunscreen_spf_50_g_b0dwsl3zbq.jpg,https://www.amazon.com/dp/B0DWSL3ZBQ,,Sunscreen option selected for pigmentation and redness support.
amazon_bondi_sands_fragrance_free_daily_sunscreen_fac_b08q86tzmk,"Bondi Sands Fragrance Free Daily Sunscreen Face Lotion SPF 50 | Hydrating UVA + UVB Protection, Non-Greasy, Gentle, Water Resistant | 2.53 Oz/75 mL",Bondi Sands,sunscreen,face_spf,Amazon,Amazon Associates,11.99,USD,$,4.5,6035,pigmentation;redness;wrinkles;barrier,spf;niacinamide;antioxidants,all;sensitive,,morning,daily,98,unknown,US,/product-images/amazon_bondi_sands_fragrance_free_daily_sunscreen_fac_b08q86tzmk.jpg,https://www.amazon.com/dp/B08Q86TZMK,,Sunscreen option selected for pigmentation and redness support.
amazon_neutrogena_ultra_sheer_dry_touch_sunscreen_spf_b000epa4gq,"Neutrogena Ultra Sheer Dry-Touch Sunscreen SPF 55 for Face & Body, Lightweight Non Greasy Broad Spectrum UVA/UVB Protection, No White Cast, Water Resistant (80 Min) Travel Sunscreen Lotion, 3 fl oz",Neutrogena,sunscreen,face_spf,Amazon,Amazon Associates,7.89,USD,$,4.6,17800,pigmentation;redness;wrinkles;barrier,spf;niacinamide;antioxidants,all;sensitive,,morning,daily,98,unknown,US,/product-images/amazon_neutrogena_ultra_sheer_dry_touch_sunscreen_spf_b000epa4gq.jpg,https://www.amazon.com/dp/B000EPA4GQ,,Sunscreen option selected for pigmentation and redness support.
amazon_haruharu_wonder_black_rice_moisture_airyfit_da_b0bz3g9gkl,"Haruharu Wonder Black Rice Moisture Airyfit Daily Sunscreen 1.69fl.oz - Velvet Finish, No White Cast, Hydrating, Moisturizing, Korean Skin Care, Vegan, Clean Beauty",Haruharu Wonder,sunscreen,face_spf,Amazon,Amazon Associates,14.29,USD,$,4.6,5585,pigmentation;redness;wrinkles;barrier,spf;niacinamide;antioxidants,all;sensitive,,morning,daily,98,unknown,US,/product-images/amazon_haruharu_wonder_black_rice_moisture_airyfit_da_b0bz3g9gkl.jpg,https://www.amazon.com/dp/B0BZ3G9GKL,,Sunscreen option selected for pigmentation and redness support.
amazon_paula_s_choice_skin_perfecting_2_bha_liquid_ex_b00949ctqq,"Paula's Choice SKIN PERFECTING 2% BHA Liquid Exfoliant with Salicylic Acid, Facial Polish for Pores, Wrinkles & Fine Lines, Suitable for Blackhead-Prone Skin, Fragrance-Free",Paula's Choice,exfoliant,bha,Amazon,Amazon Associates,27.75,USD,$$,4.5,114231,blackheads;pores;acne;texture,salicylic acid;green tea,oily;combination;normal,pregnancy;aspirin_allergy;very_sensitive,evening,2-3x_week,88,unknown,US,/product-images/amazon_paula_s_choice_skin_perfecting_2_bha_liquid_ex_b00949ctqq.jpg,https://www.amazon.com/dp/B00949CTQQ,,Exfoliant option selected for blackheads and pores support.
amazon_murad_aha_bha_exfoliating_cleanser_triple_acti_b0914ly5l6,"Murad AHA/BHA Exfoliating Cleanser - Triple-Action Cleansing Exfoliator with Salicylic, Lactic, & Glycolic Acids - Creamy Face Wash Removes Dull, Dry Skin for Smoother, Softer Skin",Murad AHA/BHA,exfoliant,bha,Amazon,Amazon Associates,18,USD,$,4.7,3852,blackheads;pores;acne;texture,salicylic acid;green tea,oily;combination;normal,pregnancy;aspirin_allergy;very_sensitive,evening,2-3x_week,88,unknown,US,/product-images/amazon_murad_aha_bha_exfoliating_cleanser_triple_acti_b0914ly5l6.jpg,https://www.amazon.com/dp/B0914LY5L6,,Exfoliant option selected for blackheads and pores support.
amazon_farmacy_2_salicylic_acid_toner_for_face_deep_s_b09rktjnm8,Farmacy 2% Salicylic Acid Toner for Face - Deep Sweep Gentle BHA Exfoliant for Oily Skin - Refines Texture with Papaya Enzymes & Moringa Water for a Healthy-Looking Complexion (50ml),Farmacy 2%,exfoliant,bha,Amazon,Amazon Associates,17,USD,$,4.6,2115,blackheads;pores;acne;texture,salicylic acid;green tea,oily;combination;normal,pregnancy;aspirin_allergy;very_sensitive,evening,2-3x_week,88,unknown,US,/product-images/amazon_farmacy_2_salicylic_acid_toner_for_face_deep_s_b09rktjnm8.jpg,https://www.amazon.com/dp/B09RKTJNM8,,Exfoliant option selected for blackheads and pores support.
amazon_some_by_mi_aha_bha_pha_30_days_miracle_acne_cl_b07q34y99j,"SOME BY MI AHA BHA PHA 30 Days Miracle Acne Clear Foam – 3.38oz, 100ml – Korean Acne Face Wash for Smooth & Clear Skin – Salicylic Acid Cleanser for Exfoliation & Sebum Control – Korean Skin Care",SOME BY,exfoliant,bha,Amazon,Amazon Associates,13.3,USD,$,4.6,1861,blackheads;pores;acne;texture,salicylic acid;green tea,oily;combination;normal,pregnancy;aspirin_allergy;very_sensitive,evening,2-3x_week,88,unknown,US,/product-images/amazon_some_by_mi_aha_bha_pha_30_days_miracle_acne_cl_b07q34y99j.jpg,https://www.amazon.com/dp/B07Q34Y99J,,Exfoliant option selected for blackheads and pores support.
amazon_paula_s_choice_skin_perfecting_2_bha_liquid_ex_b07c5ss6yd,"Paula's Choice SKIN PERFECTING 2% BHA Liquid Exfoliant with Salicylic Acid, Facial Polish for Pores, Wrinkles & Fine Lines, Suitable for Blackhead-Prone Skin, Fragrance-Free",Paula's Choice,exfoliant,bha,Amazon,Amazon Associates,15,USD,$,4.5,114231,blackheads;pores;acne;texture,salicylic acid;green tea,oily;combination;normal,pregnancy;aspirin_allergy;very_sensitive,evening,2-3x_week,88,unknown,US,/product-images/amazon_paula_s_choice_skin_perfecting_2_bha_liquid_ex_b07c5ss6yd.jpg,https://www.amazon.com/dp/B07C5SS6YD,,Exfoliant option selected for blackheads and pores support.
amazon_panoxyl_clarifying_exfoliant_with_2_salicylic__b0c4wgv8wk,"PanOxyl Clarifying Exfoliant with 2% Salicylic Acid, BHA Liquid Exfoliant for Face, Unclogs, Minimizes Appearance of Pores, Blue Algae and Antioxidants Help Calm Redness, For Acne Prone Skin, 4 fl oz",PanOxyl Clarifying,exfoliant,bha,Amazon,Amazon Associates,10.98,USD,$,4.6,3683,blackheads;pores;acne;texture,salicylic acid;green tea,oily;combination;normal,pregnancy;aspirin_allergy;very_sensitive,evening,2-3x_week,88,unknown,US,/product-images/amazon_panoxyl_clarifying_exfoliant_with_2_salicylic__b0c4wgv8wk.jpg,https://www.amazon.com/dp/B0C4WGV8WK,,Exfoliant option selected for blackheads and pores support.
amazon_paula_s_choice_skin_perfecting_2_bha_liquid_ex_b07d8dbs7s,"Paula's Choice SKIN PERFECTING 2% BHA Liquid Exfoliant with Salicylic Acid, Facial Polish for Pores, Wrinkles & Fine Lines, Suitable for Blackhead-Prone Skin, Fragrance-Free",Paula's Choice,exfoliant,bha,Amazon,Amazon Associates,44.5,USD,$$,4.5,114231,blackheads;pores;acne;texture,salicylic acid;green tea,oily;combination;normal,pregnancy;aspirin_allergy;very_sensitive,evening,2-3x_week,88,unknown,US,/product-images/amazon_paula_s_choice_skin_perfecting_2_bha_liquid_ex_b07d8dbs7s.jpg,https://www.amazon.com/dp/B07D8DBS7S,,Exfoliant option selected for blackheads and pores support.
amazon_naeli_aha_bha_exfoliating_face_wash_10_glycoli_b083vw53lx,"NAELI AHA/BHA Exfoliating Face Wash - 10% Glycolic Acid & Salicylic Acid Cleanser, Anti Aging Acne & Wrinkle Reducing Facial Exfoliant, Pore Minimizer & Brightening Gel, 4 oz",NAELI AHA/BHA,exfoliant,bha,Amazon,Amazon Associates,24.95,USD,$$,4.3,803,blackheads;pores;acne;texture,salicylic acid;green tea,oily;combination;normal,pregnancy;aspirin_allergy;very_sensitive,evening,2-3x_week,88,unknown,US,/product-images/amazon_naeli_aha_bha_exfoliating_face_wash_10_glycoli_b083vw53lx.jpg,https://www.amazon.com/dp/B083VW53LX,,Exfoliant option selected for blackheads and pores support.
amazon_kate_somerville_exfolikate_cleanser_daily_exfo_b01dv9cwie,Kate Somerville ExfoliKate Cleanser – Daily Exfoliating Foaming Face Wash – Clinically Formulated Glycolic Acid and Lactic Acid Gentle Facial Scrub,Kate Somerville,exfoliant,bha,Amazon,Amazon Associates,46,USD,$$$,4.7,1966,blackheads;pores;acne;texture,salicylic acid;green tea,oily;combination;normal,pregnancy;aspirin_allergy;very_sensitive,evening,2-3x_week,88,unknown,US,/product-images/amazon_kate_somerville_exfolikate_cleanser_daily_exfo_b01dv9cwie.jpg,https://www.amazon.com/dp/B01DV9CWIE,,Exfoliant option selected for blackheads and pores support.
amazon_amazon_basics_10_benzoyl_peroxide_acne_treatme_b07z9y2qhz,"Amazon Basics 10% Benzoyl Peroxide Acne Treatment Gel, Maximum Strength, 1 Fluid Ounce | Maximum Strength",Amazon Basics,treatment,acne_treatment,Amazon,Amazon Associates,4.79,USD,$,4.6,4527,acne;pores;blackheads,salicylic acid;benzoyl peroxide;adapalene,oily;acne_prone,pregnancy;breastfeeding;very_sensitive,evening,spot_use,88,unknown,US,/product-images/amazon_amazon_basics_10_benzoyl_peroxide_acne_treatme_b07z9y2qhz.jpg,https://www.amazon.com/dp/B07Z9Y2QHZ,,Treatment option selected for acne and pores support.
amazon_clean_clear_persa_gel_10_oil_free_acne_spot_tr_b00kz22ed4,"Clean & Clear Persa-Gel 10 Oil-Free Acne Spot Treatment with Maximum Strength 10% Benzoyl Peroxide, Topical Pimple Cream Visibly Reduces Acne in One Day, Fragrance-Free, 1 fl. oz",Clean &,treatment,acne_treatment,Amazon,Amazon Associates,5.97,USD,$,4.6,5337,acne;pores;blackheads,salicylic acid;benzoyl peroxide;adapalene,oily;acne_prone,pregnancy;breastfeeding;very_sensitive,evening,spot_use,88,unknown,US,/product-images/amazon_clean_clear_persa_gel_10_oil_free_acne_spot_tr_b00kz22ed4.jpg,https://www.amazon.com/dp/B00KZ22ED4,,Treatment option selected for acne and pores support.
amazon_cerave_acne_control_gel_2_salicylic_acid_treat_b097wmcyyj,"CeraVe Acne Control Gel, 2% Salicylic Acid Treatment With Glycolic Acid + Lactic Acids + Niacniamide, Acne Gel Helps Clear Blemishes Without Over Drying, Alcohol Free & Oil Free, 1.35 Fl Oz",CeraVe,treatment,acne_treatment,Amazon,Amazon Associates,17.82,USD,$,4.6,9427,acne;pores;blackheads,salicylic acid;benzoyl peroxide;adapalene,oily;acne_prone,pregnancy;breastfeeding;very_sensitive,evening,spot_use,88,unknown,US,/product-images/amazon_cerave_acne_control_gel_2_salicylic_acid_treat_b097wmcyyj.jpg,https://www.amazon.com/dp/B097WMCYYJ,,Treatment option selected for acne and pores support.
amazon_neutrogena_rapid_clear_stubborn_acne_spot_trea_b00nr1yvyu,"Neutrogena Rapid Clear Stubborn Acne Spot Treatment Gel, Maximum Strength 10% Benzoyl Per-oxide Treatment Medication for Acne Prone Skin, Pimple Cream Reduces Size & Redness, 1 oz",Neutrogena,treatment,acne_treatment,Amazon,Amazon Associates,9.68,USD,$,4.5,27495,acne;pores;blackheads,salicylic acid;benzoyl peroxide;adapalene,oily;acne_prone,pregnancy;breastfeeding;very_sensitive,evening,spot_use,88,unknown,US,/product-images/amazon_neutrogena_rapid_clear_stubborn_acne_spot_trea_b00nr1yvyu.jpg,https://www.amazon.com/dp/B00NR1YVYU,,Treatment option selected for acne and pores support.
amazon_differin_acne_treatment_gel_90_day_supply_reti_b07ztn5n1v,"Differin Acne Treatment Gel, 90 Day Supply, Retinoid Treatment for Face with 0.1% Adapalene, Gentle Skin Care for Acne Prone Sensitive Skin, 45g Pump (Packaging May Vary)",Differin,treatment,acne_treatment,Amazon,Amazon Associates,23.97,USD,$$,4.6,10112,acne;pores;blackheads,salicylic acid;benzoyl peroxide;adapalene,oily;acne_prone,pregnancy;breastfeeding;very_sensitive,evening,spot_use,88,unknown,US,/product-images/amazon_differin_acne_treatment_gel_90_day_supply_reti_b07ztn5n1v.jpg,https://www.amazon.com/dp/B07ZTN5N1V,,Treatment option selected for acne and pores support.
amazon_mary_kay_2_pcs_clearproof_acne_treatment_gel_1_b08q3hmnw3,"Mary Kay, 2 PCS CLEARPROOF ACNE TREATMENT GEL 1 FL OZ TRATAMIENTO EN GEL PARA PIEL CON ACNÉ 28 G",Mary Kay,treatment,acne_treatment,Amazon,Amazon Associates,27.4,USD,$$,4.7,269,acne;pores;blackheads,salicylic acid;benzoyl peroxide;adapalene,oily;acne_prone,pregnancy;breastfeeding;very_sensitive,evening,spot_use,88,unknown,US,/product-images/amazon_mary_kay_2_pcs_clearproof_acne_treatment_gel_1_b08q3hmnw3.jpg,https://www.amazon.com/dp/B08Q3HMNW3,,Treatment option selected for acne and pores support.
amazon_amazon_basics_advanced_acne_spot_treatment_wit_b0bv6ht9pj,"Amazon Basics Advanced Acne Spot Treatment with 2% Salicylic Acid Medication, Blemish Treatment, 0.75 Fluid Ounces, 1-Pack",Amazon Basics,treatment,acne_treatment,Amazon,Amazon Associates,5.13,USD,$,4.4,1342,acne;pores;blackheads,salicylic acid;benzoyl peroxide;adapalene,oily;acne_prone,pregnancy;breastfeeding;very_sensitive,evening,spot_use,88,unknown,US,/product-images/amazon_amazon_basics_advanced_acne_spot_treatment_wit_b0bv6ht9pj.jpg,https://www.amazon.com/dp/B0BV6HT9PJ,,Treatment option selected for acne and pores support.
amazon_equate_2_pack_10_benzoyl_peroxide_acne_treatme_b0d5c3jtq9,"Equate 2-Pack 10% Benzoyl Peroxide Acne Treatment Gel - Powerful Skincare Combo for Clear, Radiant, and Acne-Free Skin + Create Sticker",Equate 2-Pack,treatment,acne_treatment,Amazon,Amazon Associates,25.77,USD,$$,5,10,acne;pores;blackheads,salicylic acid;benzoyl peroxide;adapalene,oily;acne_prone,pregnancy;breastfeeding;very_sensitive,evening,spot_use,88,unknown,US,/product-images/amazon_equate_2_pack_10_benzoyl_peroxide_acne_treatme_b0d5c3jtq9.jpg,https://www.amazon.com/dp/B0D5C3JTQ9,,Treatment option selected for acne and pores support.
amazon_acnefree_terminator_10_acne_spot_treatment_wit_b0014vtoaq,"AcneFree Terminator 10 Acne Spot Treatment with Benzoyl Peroxide 10% Maximum Strength Acne Cream Treatment, 1 Ounce - Pack Of 1",AcneFree Terminator,treatment,acne_treatment,Amazon,Amazon Associates,5.47,USD,$,4.4,19774,acne;pores;blackheads,salicylic acid;benzoyl peroxide;adapalene,oily;acne_prone,pregnancy;breastfeeding;very_sensitive,evening,spot_use,88,unknown,US,/product-images/amazon_acnefree_terminator_10_acne_spot_treatment_wit_b0014vtoaq.jpg,https://www.amazon.com/dp/B0014VTOAQ,,Treatment option selected for acne and pores support.
amazon_glenmark_therapeutics_adapalene_gel_0_1_acne_t_b0cnj2gpwq,"Glenmark Therapeutics Adapalene Gel 0.1% Acne Treatment, Paraben Free Topical Retinoid Cream for Face, Helps Clear and Prevent Acne and Clogged Pores, 15g Tube",Glenmark Therapeutics,treatment,acne_treatment,Amazon,Amazon Associates,9.49,USD,$,4.6,1148,acne;pores;blackheads,salicylic acid;benzoyl peroxide;adapalene,oily;acne_prone,pregnancy;breastfeeding;very_sensitive,evening,spot_use,88,unknown,US,/product-images/amazon_glenmark_therapeutics_adapalene_gel_0_1_acne_t_b0cnj2gpwq.jpg,https://www.amazon.com/dp/B0CNJ2GPWQ,,Treatment option selected for acne and pores support.
amazon_mary_kay_clear_prooftm_acne_treatment_gel_1_oz_b00r9u53ow,Mary Kay Clear Prooftm Acne Treatment Gel 1 Oz,Mary Kay,treatment,acne_treatment,Amazon,Amazon Associates,16.5,USD,$,4.8,494,acne;pores;blackheads,salicylic acid;benzoyl peroxide;adapalene,oily;acne_prone,pregnancy;breastfeeding;very_sensitive,evening,spot_use,88,unknown,US,/product-images/amazon_mary_kay_clear_prooftm_acne_treatment_gel_1_oz_b00r9u53ow.jpg,https://www.amazon.com/dp/B00R9U53OW,,Treatment option selected for acne and pores support.
amazon_differin_acne_treatment_gel_30_day_supply_reti_b07ztmxjvk,"Differin Acne Treatment Gel, 30 Day Supply, Retinoid Treatment for Face with 0.1% Adapalene, Gentle Skin Care for Acne Prone Sensitive Skin, 15g Pump (Packaging May Vary)",Differin,treatment,acne_treatment,Amazon,Amazon Associates,13.49,USD,$,4.4,8233,acne;pores;blackheads,salicylic acid;benzoyl peroxide;adapalene,oily;acne_prone,pregnancy;breastfeeding;very_sensitive,evening,spot_use,88,unknown,US,/product-images/amazon_differin_acne_treatment_gel_30_day_supply_reti_b07ztmxjvk.jpg,https://www.amazon.com/dp/B07ZTMXJVK,,Treatment option selected for acne and pores support.
amazon_the_ordinary_niacinamide_10_zinc_1_smoothing_s_b01mdtvztz,"The Ordinary Niacinamide 10% + Zinc 1%, Smoothing Serum for Blemish-Prone Skin",The Ordinary,serum,niacinamide,Amazon,Amazon Associates,6,USD,$,4.7,55220,pores;blackheads;acne;redness;barrier,niacinamide;zinc pca,all,niacinamide_sensitivity,morning/evening,daily,84,unknown,US,/product-images/amazon_the_ordinary_niacinamide_10_zinc_1_smoothing_s_b01mdtvztz.jpg,https://www.amazon.com/dp/B01MDTVZTZ,,Serum option selected for pores and blackheads support.
amazon_good_molecules_niacinamide_serum_10_niacinamid_b08r994q1l,"Good Molecules Niacinamide Serum - 10% Niacinamide to Target Blemishes, Nourishment, and Skin Tone - Ultra Hydrating Serum and Brightening Skin Care for Face",Good Molecules,serum,niacinamide,Amazon,Amazon Associates,5.97,USD,$,4.7,12391,pores;blackheads;acne;redness;barrier,niacinamide;zinc pca,all,niacinamide_sensitivity,morning/evening,daily,84,unknown,US,/product-images/amazon_good_molecules_niacinamide_serum_10_niacinamid_b08r994q1l.jpg,https://www.amazon.com/dp/B08R994Q1L,,Serum option selected for pores and blackheads support.
amazon_naturium_niacinamide_face_serum_12_plus_zinc_2_b07wss5m4z,"Naturium Niacinamide Face Serum 12% Plus Zinc 2%, Anti-Aging, Pore Minimizer & Dark Spot Corrector with Hyaluronic Acid & Vitamin E, Vegan & Cruelty-Free, 1 oz",Naturium Niacinamide,serum,niacinamide,Amazon,Amazon Associates,16.99,USD,$,4.5,16163,pores;blackheads;acne;redness;barrier,niacinamide;zinc pca,all,niacinamide_sensitivity,morning/evening,daily,84,unknown,US,/product-images/amazon_naturium_niacinamide_face_serum_12_plus_zinc_2_b07wss5m4z.jpg,https://www.amazon.com/dp/B07WSS5M4Z,,Serum option selected for pores and blackheads support.
amazon_paula_s_choice_clinical_20_niacinamide_vitamin_b083n1h6p7,"Paula's Choice CLINICAL 20% Niacinamide Vitamin B3 Concentrated Face Serum, Anti-Aging Serum for Face, Treatment for Discoloration & Minimizing Large Pores, Fragrance-Free, 0.67oz",Paula's Choice,serum,niacinamide,Amazon,Amazon Associates,41.25,USD,$$,4.5,1997,pores;blackheads;acne;redness;barrier,niacinamide;zinc pca,all,niacinamide_sensitivity,morning/evening,daily,84,unknown,US,/product-images/amazon_paula_s_choice_clinical_20_niacinamide_vitamin_b083n1h6p7.jpg,https://www.amazon.com/dp/B083N1H6P7,,Serum option selected for pores and blackheads support.
amazon_hanyul_red_rice_hydrating_serum_with_vegan_cer_b0f8bjn7qb,"HANYUL Red Rice Hydrating Serum with Vegan Ceramide | Korean Skincare for Deep Hydration, Radiant Skin Glow, Firming & Barrier Support, Slow Aging 5.07 fl. oz.",HANYUL Red,serum,niacinamide,Amazon,Amazon Associates,45,USD,$$$,4.5,121,pores;blackheads;acne;redness;barrier,niacinamide;zinc pca,all,niacinamide_sensitivity,morning/evening,daily,84,unknown,US,/product-images/amazon_hanyul_red_rice_hydrating_serum_with_vegan_cer_b0f8bjn7qb.jpg,https://www.amazon.com/dp/B0F8BJN7QB,,Serum option selected for pores and blackheads support.
amazon_truskin_vitamin_c_super_serum_for_face_five_sk_b01kmstcwg,"TruSkin Vitamin C Super Serum for Face - Five Skin Benefits in One Serum with Vitamin C, Retinol, Niacinamide, Hyaluronic Acid & Squalane - Brighten, Firm & Smooth the Look of Skin - 1 fl oz",TruSkin Vitamin,serum,niacinamide,Amazon,Amazon Associates,17.99,USD,$,4.5,14351,pores;blackheads;acne;redness;barrier,niacinamide;zinc pca,all,niacinamide_sensitivity,morning/evening,daily,84,unknown,US,/product-images/amazon_truskin_vitamin_c_super_serum_for_face_five_sk_b01kmstcwg.jpg,https://www.amazon.com/dp/B01KMSTCWG,,Serum option selected for pores and blackheads support.
amazon_medik8_c_tetra_balancing_vitamin_c_serum_for_f_b002kkzq84,Medik8 C-Tetra - Balancing Vitamin C Serum For Face - Smooths Fine Lines and Wrinkles - Face Serum with Squalane - Vegan and Gluten Free - 1.0 oz,Medik8 C-Tetra,serum,niacinamide,Amazon,Amazon Associates,53,USD,$$$,4.4,405,pores;blackheads;acne;redness;barrier,niacinamide;zinc pca,all,niacinamide_sensitivity,morning/evening,daily,84,unknown,US,/product-images/amazon_medik8_c_tetra_balancing_vitamin_c_serum_for_f_b002kkzq84.jpg,https://www.amazon.com/dp/B002KKZQ84,,Serum option selected for pores and blackheads support.
amazon_paula_s_choice_boost_10_niacinamide_face_serum_b01gf1eob8,"Paula's Choice BOOST 10% Niacinamide Face Serum Booster, Facial Serum with Vitamin B3, Vitamin C & Licorice Extract Serum, Pore Minimizer, All Skin Types, Fragrance-Free, 0.67oz",Paula's Choice,serum,niacinamide,Amazon,Amazon Associates,49,USD,$$$,4.5,1504,pores;blackheads;acne;redness;barrier,niacinamide;zinc pca,all,niacinamide_sensitivity,morning/evening,daily,84,unknown,US,/product-images/amazon_paula_s_choice_boost_10_niacinamide_face_serum_b01gf1eob8.jpg,https://www.amazon.com/dp/B01GF1EOB8,,Serum option selected for pores and blackheads support.
amazon_niacinamide_10_face_serum_minimalist_serum_red_b08f9mf314,"Niacinamide 10% Face Serum | Minimalist Serum Reduces Pores, Acne Marks & Oil | Reduces Blemishes for Even Skin Tone | For Women & Men | 1 Fl Oz / 30 ml",Niacinamide 10%,serum,niacinamide,Amazon,Amazon Associates,8.07,USD,$,4.4,21629,pores;blackheads;acne;redness;barrier,niacinamide;zinc pca,all,niacinamide_sensitivity,morning/evening,daily,84,unknown,US,/product-images/amazon_niacinamide_10_face_serum_minimalist_serum_red_b08f9mf314.jpg,https://www.amazon.com/dp/B08F9MF314,,Serum option selected for pores and blackheads support.
amazon_tree_of_life_niacinamide_serum_for_face_vitami_b01mrbaptr,"Tree of Life Niacinamide Serum For Face (Vitamin B3) - Pore Tightening Face Oil with Hyaluronic Acid & Vitamin E for Uneven Tone & Sensitive Skin - Dermatologist Tested, 2 Fl Oz - Mothers Day Gifts",Tree of,serum,niacinamide,Amazon,Amazon Associates,14.99,USD,$,4.4,143209,pores;blackheads;acne;redness;barrier,niacinamide;zinc pca,all,niacinamide_sensitivity,morning/evening,daily,84,unknown,US,/product-images/amazon_tree_of_life_niacinamide_serum_for_face_vitami_b01mrbaptr.jpg,https://www.amazon.com/dp/B01MRBAPTR,,Serum option selected for pores and blackheads support.
amazon_niacinamide_22_zinc_serum_for_face_pore_reduce_b0dkxbg3pg,"Niacinamide 22% + Zinc Serum for Face, Pore Reducer, Diminishes Acne Prone, Skin Balancing Pore Reducing, Korean Skin Care, 1oz",Niacinamide 22%,serum,niacinamide,Amazon,Amazon Associates,9.9,USD,$,4.5,152,pores;blackheads;acne;redness;barrier,niacinamide;zinc pca,all,niacinamide_sensitivity,morning/evening,daily,84,unknown,US,/product-images/amazon_niacinamide_22_zinc_serum_for_face_pore_reduce_b0dkxbg3pg.jpg,https://www.amazon.com/dp/B0DKXBG3PG,,Serum option selected for pores and blackheads support.
amazon_eadem_milk_marvel_dark_spot_serum_vitamin_c_fa_b0cbt1kf8z,"EADEM Milk Marvel Dark Spot Serum, Vitamin C Face Serum Infused with Niacinamide, Dark Spot Remover for Face and Body, Natural Dark Spot Corrector for Skin Care, 1 oz",EADEM Milk,serum,tone_serum,Amazon,Amazon Associates,68,USD,$$$,4.5,92,pigmentation;redness;acne_marks,tranexamic acid;azelaic acid;niacinamide,all,very_sensitive,morning/evening,daily_or_alternate,86,unknown,US,/product-images/amazon_eadem_milk_marvel_dark_spot_serum_vitamin_c_fa_b0cbt1kf8z.jpg,https://www.amazon.com/dp/B0CBT1KF8Z,,Serum option selected for pigmentation and redness support.
amazon_murad_rapid_dark_spot_correcting_serum_advance_b08kr79nbr,"Murad Rapid Dark Spot Correcting Serum - Advanced Anti-Aging Formula with Patented Resorcinol Technology, Tranexamic and Glycolic Acids for Hyperpigmentation, Dark Spots and Dull Skin - 1 Fl Oz",Murad Rapid,serum,tone_serum,Amazon,Amazon Associates,84,USD,$$$,4.2,2114,pigmentation;redness;acne_marks,tranexamic acid;azelaic acid;niacinamide,all,very_sensitive,morning/evening,daily_or_alternate,86,unknown,US,/product-images/amazon_murad_rapid_dark_spot_correcting_serum_advance_b08kr79nbr.jpg,https://www.amazon.com/dp/B08KR79NBR,,Serum option selected for pigmentation and redness support.
amazon_isdin_isdinceutics_melaclear_dark_spot_correct_b01bmlq3ec,"ISDIN Isdinceutics Melaclear Dark Spot Correcting Serum for Face - Sun Spot Reducer that Contains Vitamin C and Antioxidants, to Even Skin Tone from Sun Exposure 0.5 FL OZ",ISDIN Isdinceutics,serum,tone_serum,Amazon,Amazon Associates,88,USD,$$$,4.2,509,pigmentation;redness;acne_marks,tranexamic acid;azelaic acid;niacinamide,all,very_sensitive,morning/evening,daily_or_alternate,86,unknown,US,/product-images/amazon_isdin_isdinceutics_melaclear_dark_spot_correct_b01bmlq3ec.jpg,https://www.amazon.com/dp/B01BMLQ3EC,,Serum option selected for pigmentation and redness support.
amazon_dark_spot_remover_for_face_body_dark_spot_corr_b0gxvjnq7x,"Dark Spot Remover for Face & Body – Dark Spot Corrector Serum for Hyperpigmentation, Brown Spots & Melasma Treatment - 1.7 fl oz",Dark Spot,serum,tone_serum,Amazon,Amazon Associates,29.7,USD,$$,4.9,17,pigmentation;redness;acne_marks,tranexamic acid;azelaic acid;niacinamide,all,very_sensitive,morning/evening,daily_or_alternate,86,unknown,US,/product-images/amazon_dark_spot_remover_for_face_body_dark_spot_corr_b0gxvjnq7x.jpg,https://www.amazon.com/dp/B0GXVJNQ7X,,Serum option selected for pigmentation and redness support.
amazon_axis_y_dark_spot_correcting_glow_serum_5_niaci_b091238v7n,AXIS-Y Dark Spot Correcting Glow Serum - 5% Niacinamide Dark Spot Remover For Face - Vegan Korean Skin Care Niacinamide Serum for All Skin Types (1.69 fl. oz.),AXIS-Y Dark,serum,tone_serum,Amazon,Amazon Associates,,USD,$,4.2,10766,pigmentation;redness;acne_marks,tranexamic acid;azelaic acid;niacinamide,all,very_sensitive,morning/evening,daily_or_alternate,86,unknown,US,/product-images/amazon_axis_y_dark_spot_correcting_glow_serum_5_niaci_b091238v7n.jpg,https://www.amazon.com/dp/B091238V7N,,Serum option selected for pigmentation and redness support.
amazon_anua_niacinamide_10_txa_4_serum_dark_spot_care_b0cllv2t1p,"Anua Niacinamide 10 + TXA 4 Serum, Dark Spot Care, Hyaluronic Acid, Tranexamic Acid, Lightweight & Hydrating All-in-One Daily Facial Serum for Glass Skin, Korean Skincare, 1.01 fl.oz",Anua Niacinamide,serum,tone_serum,Amazon,Amazon Associates,21.85,USD,$$,4.5,14496,pigmentation;redness;acne_marks,tranexamic acid;azelaic acid;niacinamide,all,very_sensitive,morning/evening,daily_or_alternate,86,unknown,US,/product-images/amazon_anua_niacinamide_10_txa_4_serum_dark_spot_care_b0cllv2t1p.jpg,https://www.amazon.com/dp/B0CLLV2T1P,,Serum option selected for pigmentation and redness support.
amazon_good_molecules_discoloration_correcting_serum__b08rj4zhxj,Good Molecules Discoloration Correcting Serum - Serum to Target Dark Spots and Hyperpigmentation - Skin Care for Face 1 FL,Good Molecules,serum,tone_serum,Amazon,Amazon Associates,11.95,USD,$,4.4,14633,pigmentation;redness;acne_marks,tranexamic acid;azelaic acid;niacinamide,all,very_sensitive,morning/evening,daily_or_alternate,86,unknown,US,/product-images/amazon_good_molecules_discoloration_correcting_serum__b08rj4zhxj.jpg,https://www.amazon.com/dp/B08RJ4ZHXJ,,Serum option selected for pigmentation and redness support.
amazon_the_ordinary_retinol_1_in_squalane_high_streng_b0779ygb2g,"The Ordinary Retinol 1% in Squalane, High-Strength Retinol Serum for Anti-Aging and Skin Smoothing",The Ordinary,retinoid,retinol_serum,Amazon,Amazon Associates,9.9,USD,$,4.5,18053,wrinkles;pigmentation;texture;acne_marks,retinol;retinal;adapalene,normal;oily;combination,pregnancy;breastfeeding;very_sensitive,evening,2-3x_week,86,unknown,US,/product-images/amazon_the_ordinary_retinol_1_in_squalane_high_streng_b0779ygb2g.jpg,https://www.amazon.com/dp/B0779YGB2G,,Retinoid option selected for wrinkles and pigmentation support.
amazon_la_roche_posay_pure_retinol_face_serum_with_vi_b07z9y4m3c,"La Roche-Posay Pure Retinol Face Serum with Vitamin B3, Anti Aging Face Serum for Lines, Wrinkles & Premature Sun Damage to Resurface & Hydrate, Suitable for Sensitive Skin, 1.0 Fl. Oz",La Roche-Posay,retinoid,retinol_serum,Amazon,Amazon Associates,44.99,USD,$$,4.6,17949,wrinkles;pigmentation;texture;acne_marks,retinol;retinal;adapalene,normal;oily;combination,pregnancy;breastfeeding;very_sensitive,evening,2-3x_week,86,unknown,US,/product-images/amazon_la_roche_posay_pure_retinol_face_serum_with_vi_b07z9y4m3c.jpg,https://www.amazon.com/dp/B07Z9Y4M3C,,Retinoid option selected for wrinkles and pigmentation support.
amazon_cerave_resurfacing_retinol_serum_for_post_acne_b07vwsn95s,"CeraVe Resurfacing Retinol Serum For Post Acne Marks, Formulated With Licorice Root Extract & Niacinamide, Brightening Serum & Pore Minimizer For Face, Post Acne Skin Barrier Repair, Non-Comedogenic",CeraVe,retinoid,retinol_serum,Amazon,Amazon Associates,18.68,USD,$,4.6,55858,wrinkles;pigmentation;texture;acne_marks,retinol;retinal;adapalene,normal;oily;combination,pregnancy;breastfeeding;very_sensitive,evening,2-3x_week,86,unknown,US,/product-images/amazon_cerave_resurfacing_retinol_serum_for_post_acne_b07vwsn95s.jpg,https://www.amazon.com/dp/B07VWSN95S,,Retinoid option selected for wrinkles and pigmentation support.
amazon_dermalogica_dynamic_skin_retinol_facial_serum__b0bp3xvq31,"Dermalogica Dynamic Skin Retinol Facial Serum with Multi-Retinoid Complex, Skin Retexturizing and Improving Skin Health",Dermalogica Dynamic,retinoid,retinol_serum,Amazon,Amazon Associates,99,USD,$$$,4.5,363,wrinkles;pigmentation;texture;acne_marks,retinol;retinal;adapalene,normal;oily;combination,pregnancy;breastfeeding;very_sensitive,evening,2-3x_week,86,unknown,US,/product-images/amazon_dermalogica_dynamic_skin_retinol_facial_serum__b0bp3xvq31.jpg,https://www.amazon.com/dp/B0BP3XVQ31,,Retinoid option selected for wrinkles and pigmentation support.
amazon_alastin_skincare_renewal_retinol_serum_visibly_b0gc5pr1pt,ALASTIN Skincare Renewal Retinol Serum | Visibly Improves Skin Texture & Tone | Helps Reduce the Look of Fine Lines & Wrinkles | Hydrating Retinol Formula,ALASTIN Skincare,retinoid,retinol_serum,Amazon,Amazon Associates,81,USD,$$$,4.6,335,wrinkles;pigmentation;texture;acne_marks,retinol;retinal;adapalene,normal;oily;combination,pregnancy;breastfeeding;very_sensitive,evening,2-3x_week,86,unknown,US,/product-images/amazon_alastin_skincare_renewal_retinol_serum_visibly_b0gc5pr1pt.jpg,https://www.amazon.com/dp/B0GC5PR1PT,,Retinoid option selected for wrinkles and pigmentation support.
amazon_true_botanicals_phyto_retinol_sleep_serum_nigh_b0cst9r39j,"True Botanicals Phyto Retinol Sleep Serum | Nightly Anti-Aging Serum | Retinol Alternative | Targets & Reduces Fine Lines & Wrinkles | Dermatologist Tested, All Natural, Vegan | 1 fl oz | 30 ml",True Botanicals,retinoid,retinol_serum,Amazon,Amazon Associates,90,USD,$$$,4.5,81,wrinkles;pigmentation;texture;acne_marks,retinol;retinal;adapalene,normal;oily;combination,pregnancy;breastfeeding;very_sensitive,evening,2-3x_week,86,unknown,US,/product-images/amazon_true_botanicals_phyto_retinol_sleep_serum_nigh_b0cst9r39j.jpg,https://www.amazon.com/dp/B0CST9R39J,,Retinoid option selected for wrinkles and pigmentation support.
amazon_u_beauty_resurfacing_compound_serum_renew_illu_b089bvv386,"U Beauty Resurfacing Compound Serum - Renew & Illuminate Face Serum - Advanced 8-in-1 Formula with Vitamin C, Retinol, Hyaluronic Acid, & Peptides - Targets Fine Lines, Pores 0.5 fl oz",U Beauty,retinoid,retinol_serum,Amazon,Amazon Associates,88,USD,$$$,4.5,232,wrinkles;pigmentation;texture;acne_marks,retinol;retinal;adapalene,normal;oily;combination,pregnancy;breastfeeding;very_sensitive,evening,2-3x_week,86,unknown,US,/product-images/amazon_u_beauty_resurfacing_compound_serum_renew_illu_b089bvv386.jpg,https://www.amazon.com/dp/B089BVV386,,Retinoid option selected for wrinkles and pigmentation support.
amazon_paula_s_choice_clinical_1_retinol_face_treatme_b00l5o2zxk,"Paula's Choice CLINICAL 1% Retinol Face Treatment with Peptides, Vitamin C & Licorice Extract, Anti-Aging Skin Care Serum, Fine Lines & Wrinkles, Fragrance Free",Paula's Choice,retinoid,retinol_serum,Amazon,Amazon Associates,45.5,USD,$$$,4.3,5430,wrinkles;pigmentation;texture;acne_marks,retinol;retinal;adapalene,normal;oily;combination,pregnancy;breastfeeding;very_sensitive,evening,2-3x_week,86,unknown,US,/product-images/amazon_paula_s_choice_clinical_1_retinol_face_treatme_b00l5o2zxk.jpg,https://www.amazon.com/dp/B00L5O2ZXK,,Retinoid option selected for wrinkles and pigmentation support.
amazon_tree_of_life_beauty_retinol_serum_skin_smoothi_b00s2g7auc,"Tree of Life Beauty Retinol Serum, Skin Smoothing Face Oil for Dark and Age Spots and Fine Lines, Facial Serums for Dry and Sensitive Skin Care with Hyaluronic Acid for Soft Smooth Skin, 2 Fl Oz",Tree of,retinoid,retinol_serum,Amazon,Amazon Associates,14.99,USD,$,4.4,143209,wrinkles;pigmentation;texture;acne_marks,retinol;retinal;adapalene,normal;oily;combination,pregnancy;breastfeeding;very_sensitive,evening,2-3x_week,86,unknown,US,/product-images/amazon_tree_of_life_beauty_retinol_serum_skin_smoothi_b00s2g7auc.jpg,https://www.amazon.com/dp/B00S2G7AUC,,Retinoid option selected for wrinkles and pigmentation support.
amazon_cerave_anti_aging_retinol_serum_for_face_encap_b07xj7xwlw,"CeraVe Anti Aging Retinol Serum For Face, Encapsulated Retinol With Hyaluronic Acid, Niacinamide & Ceramides, Smooths Wrinkles & Fine Lines, Gentle Skin Brightening Serum, Fragrance Free, 1 Oz",CeraVe,retinoid,retinol_serum,Amazon,Amazon Associates,20.44,USD,$$,4.6,27757,wrinkles;pigmentation;texture;acne_marks,retinol;retinal;adapalene,normal;oily;combination,pregnancy;breastfeeding;very_sensitive,evening,2-3x_week,86,unknown,US,/product-images/amazon_cerave_anti_aging_retinol_serum_for_face_encap_b07xj7xwlw.jpg,https://www.amazon.com/dp/B07XJ7XWLW,,Retinoid option selected for wrinkles and pigmentation support.
amazon_meditherapy_retinal_skin_booster_serum_retinal_b0dg4wxbcf,"MEDITHERAPY Retinal Skin Booster Serum | Retinaldehyde, Niacinamide Anti-Aging Serum - K-Beauty Facial Serum for Fine Lines, Firming & Radiance | Hydrating Face Serum All Skin Types, 5.07 fl oz",MEDITHERAPY Retinal,retinoid,retinol_serum,Amazon,Amazon Associates,19.99,USD,$,4.5,4705,wrinkles;pigmentation;texture;acne_marks,retinol;retinal;adapalene,normal;oily;combination,pregnancy;breastfeeding;very_sensitive,evening,2-3x_week,86,unknown,US,/product-images/amazon_meditherapy_retinal_skin_booster_serum_retinal_b0dg4wxbcf.jpg,https://www.amazon.com/dp/B0DG4WXBCF,,Retinoid option selected for wrinkles and pigmentation support.
amazon_roc_retinol_correxion_deep_wrinkle_retinol_fac_b00387f42g,"RoC Retinol Correxion Deep Wrinkle Retinol Face Serum with Ascorbic Acid, Anti-Aging Treatment for Fine Lines, Dark Spots, Post Acne Scars, 1 Oz (Packaging May Vary)",RoC,retinoid,retinol_serum,Amazon,Amazon Associates,21.97,USD,$$,4.4,15323,wrinkles;pigmentation;texture;acne_marks,retinol;retinal;adapalene,normal;oily;combination,pregnancy;breastfeeding;very_sensitive,evening,2-3x_week,86,unknown,US,/product-images/amazon_roc_retinol_correxion_deep_wrinkle_retinol_fac_b00387f42g.jpg,https://www.amazon.com/dp/B00387F42G,,Retinoid option selected for wrinkles and pigmentation support.
amazon_allies_of_skin_molecular_barrier_repair_cream__b0f3cs6cty,Allies of Skin Molecular Barrier Repair Cream Balm | Deeply Hydrating Face Moisturizer with Ceramides & Squalane | Daily Treatment to Soothe Irritated Skin | For Post-Procedure and Dry Skin | 1 fl oz,RoC,balm,barrier_balm,Amazon,Amazon Associates,95,USD,$$$,4.5,37,redness;barrier,colloidal oatmeal;ceramides;panthenol,dry;sensitive;normal,oily;acne_prone,evening,as_needed,78,unknown,US,/product-images/amazon_allies_of_skin_molecular_barrier_repair_cream__b0f3cs6cty.jpg,https://www.amazon.com/dp/B0F3CS6CTY,,Balm option selected for redness and barrier support.
